Karl Kosack <karl.kosack@cea.fr>
Jason Watson <jason.watson@physics.ox.ac.uk>
Daniel Parsons <dparsons@lfs2.mpi-hd.mpg.de>
Jean Jacquemier <jacquem@lapp.in2p3.fr>
Tino Michael <tino.michael@cea.fr>
Maximilian Nöthe <maximilian.noethe@tu-dortmund.de>
Alison Mitchell <alison.mitchell@mpi-hd.mpg.de>
Dominik Neise <neised@phys.ethz.ch>
Christoph Deil <Deil.Christoph@gmail.com>
Justus Zorn <justus.zorn@desy.de>
Samuel Timothy Spencer <sojourner92@gmail.com>
Raquel de los Reyes <reyes@mpi-hd.mpg.de>
Franca Cassol <cassol@cppm.in2p3.fr>
Kai Brügge <kai.bruegge@tu-dortmund.de>
Michele Mastropietro <michele.mastropietro@gmail.com>
Jeremie DECOCK <jd.jdhp@gmail.com>
Tarek Hassan <tarek.hassan@desy.de>
Wrijupan Bhattacharyya <wrijupan.bhattacharyya@desy.de>
Francesco Visconti <france.visconti@gmail.com>
Abelardo Moralejo Olaizola <moralejo@ifae.es>
Markus Gaug <markusgaug@gmail.com>
Jose Enrique Ruiz <jer@iaa.es>
Paolo Cumani <pcumani@ifae.es>
Thomas Gasparetto <thomas.gasparetto@ts.infn.it>
Ruben Lopez-Coto <rlopezcoto@gmail.com>
Lukas Nickel <lukas.nickel@tu-dortmund.de>
Thomas Vuillaume <thomas.vuillaume@lapp.in2p3.fr>
Tristan Carel <tristan.carel@lapp.in2p3.fr>
Miguel Nievas <miguelnievas@ucm.es>
Michael Punch <michael.punch@lnu.se>
Daniel Nieto <nieto@gae.ucm.es>
Orel Gueta <orel.gueta@desy.de>
Julien Lefaucheur <jjlk@users.noreply.github.com>
Thomas Armstrong <thomas.armstrong@physics.ox.ac.uk>
Cyril Alispach <cyril.alispach@unige.ch>
Konstantin Pfrang <konstantin.pfrang@desy.de>
Michele Peresano <peresano.michele@gmail.com>
Pierre Aubert <aubertp7@gmail.com>
Mireia Nievas-Rosillo <mireia.nievas-rosillo@desy.de>
Moritz Hütten <mhuetten@mpp.mpg.de>
Lab Saha <lab.saha@gmail.com>
Sabrina Einecke <sabrina.einecke@tu-dortmund.de>
Gernot Maier <gernot.maier@desy.de>
David Landriu <landriu@sappcm22.extra.cea.fr>
